유입검색어,상품유입수
사이드테이블,303
1인용테이블,5
소프시스철제,2
침대테이블,9
보조테이블와이어,1
사이드탁자,1
소프시스올리브서브테이블,5
쇼파테이블,3
간이테이블,1
거실테이블,2
소프시스접이식테이블,3
한샘사이드테이블,1
소프시스책상,5
소프시스접이식책상,5
사이드테이블측면형,1
사이드테이블소파,1
보조테이블,5
알루아소파테이블,1
플라종이상자티슈거치대냅킨보관케이스자동차장가정용기,2
접이식간이테이블,1
소파보조테이블,3
침대사이드테이블,8
테이블,8
타원형사이드테이블,2
서브테이블,4
소프시스서브테이블640,1
컴퓨터책상,2
40센치사이드테이블,1
1인테이블,3
거실사이드테이블,2
소프시스올리브,4
베드사이드테이블,1
sofsys,2
소파테이블,8
티테이블,1
철제사이드테이블,9
소프시스,42
소프시스사이드테이블,37
커피테이블,2
솦ㄷ시스,1
쇼파사이드테이블,42
소파사이드테이블,28
5단책장,2
소프시스서브테이블,26
책상선반,1
올리브서브테이블,6
소포시스올리브서브테이블,1
철제소파테이블,1
소프시스올리브사이드테이블,4
침대옆협탁,1
보조탁자,1
쇼파보조테이블,2
사이드보조테이블,1
이케아,1
침대협탁,1
협탁,2
소프시스테이블,20
베드테이블,2
